<?xml version="1.0" encoding="UTF-8"?>
<APSC_Memento>
<host>
<properties>
<property key="propertySet.[cw.dbg.ct.targetConnLost].RetryConnectionOn" value="false"/>
<property key="propertySet.[cw.dbg.ct.bareboard].memConfigPath" value="${ProjDirPath}/Project_Settings/Debugger/MK60N512VMD100.mem"/>
<property key="propertySet.[cw.dbg.ct.bareboard].networkMACAddress" value="**-**-**-**-**-**"/>
<property key="propertySet.[cw.dbg.ct.bareboard].useNetworkMACAddress" value="false"/>
<property key="propertySet.[cw.dbg.ct.bareboard.ondemand].executePerProcessorReset" value="false"/>
<property key="propertySet.[cw.dbg.ct.bareboard.ondemand].networkNetMask" value="255.255.255.255"/>
<property key="propertySet.[cw.dbg.ct.bareboard].networkNetMask" value="255.255.255.255"/>
<property key="propertySet.[cw.ide.settingscache].hidden.HostID" value="com.freescale.cdt.debug.cw.core.ui.rse.systemtype.bareboard.hardware.110815112801+0200"/>
<property key="propertySet.[com.pemicro.mcu.debug.connections.pne.arm].com.pemicro.mcu.debug.connections.pne.arm.Library" value="arm_pne_gdi"/>
<property key="propertySet.[cw.dbg.ct.bareboard.ondemand].networkGateway" value="127.0.0.1"/>
<property key="propertySet.[cw.dbg.ct.bareboard].useNetworkUDPPort" value="false"/>
<property key="propertySet.[cw.dbg.ct.targetConnLost].RetryTimeout" value="20"/>
<property key="propertySet.[cw.dbg.ct.bareboard].useMemoryConfigFile" value="true"/>
<property key="propertySet.[cw.dbg.ct.bareboard.ondemand].useNetworkGateway" value="false"/>
<property key="propertySet.[cw.dbg.ct.bareboard].enableSerialIOModelConfig" value="false"/>
<property key="propertySet.[cw.dbg.ct.bareboard.ondemand].runOutOfReset" value="false"/>
<property key="propertySet.[cw.dbg.ct.targetConnLost].retryPromptUserActionOn" value="true"/>
<property key="propertySet.[com.pemicro.mcu.debug.connections.pne.arm].com.pemicro.mcu.debug.connections.pne.arm.STARTUP_PORT" value="21"/>
<property key="propertySet.[cw.dbg.ct.bareboard.ondemand].initPath" value="${ProjDirPath}/Project_Settings/Debugger/init_kinetis.tcl"/>
<property key="propertySet.[cw.dbg.ct.bareboard].networkUDPPort" value="1234"/>
<property key="propertySet.[cw.dbg.ct.bareboard.ondemand].executePerCoreReset" value="false"/>
<property key="propertySet.[com.pemicro.mcu.debug.connections.pne.arm].com.pemicro.mcu.debug.connections.pne.arm.CommandLineArgs" value="arm_icd"/>
<property key="propertySet.[cw.dbg.main].systemType" value="com.freescale.cw.system.kinetis.K60.MK60N512VMD100"/>
<property key="hidden.applicator.com.freescale.debugger.applicator.launchconfiguration.lc.Dualzaehler_MK60N512VMD100_INTERNAL_RAM_PnE OSJTAG.proj.Dualzaehler" value="com.freescale.debugger.applicator.launchconfiguration.lc.Dualzaehler_MK60N512VMD100_INTERNAL_RAM_PnE OSJTAG.proj.Dualzaehler"/>
<property key="propertySet.[cw.dbg.ct.bareboard.ondemand].enableStopTransferIOModelConfig" value="true"/>
<property key="propertySet.[cw.dbg.ct.bareboard.ondemand].networkTargetAddress" value="127.0.0.1"/>
<property key="propertySet.[com.pemicro.mcu.debug.connections.pne.arm].com.freescale.cdt.debug.cw.core.settings.GdiConnection.Common.PhysicalConnectionAttributeBase" value="com.pemicro.mcu.debug.connections.pne.arm."/>
<property key="host.promptable" value="false"/>
<property key="propertySet.[OptionalPropertySet].enableConnectorServicesPropertyPage" value="false"/>
<property key="propertySet.[cw.dbg.ct.bareboard].useInitFile" value="true"/>
<property key="host.type" value="com.freescale.cdt.debug.cw.core.ui.rse.systemtype.bareboard.hardware"/>
<property key="host.defaultUser" value="baehring"/>
<property key="propertySet.[com.pemicro.mcu.debug.connections.pne.arm].com.pemicro.mcu.debug.connections.pne.arm.STARTUP_interface_selection" value="1"/>
<property key="propertySet.[cw.dbg.ct.bareboard.gdi].logData" value="false"/>
<property key="propertySet.[cw.dbg.ct.bareboard].executeReset" value="true"/>
<property key="host.address" value=""/>
<property key="propertySet.[cw.dbg.ct.bareboard.ondemand].networkMACAddress" value="**-**-**-**-**-**"/>
<property key="propertySet.[cw.dbg.ct.bareboard].useNetworkGateway" value="false"/>
<property key="propertySet.[cw.dbg.ct.bareboard].networkDebuggerAddress" value="127.0.0.1"/>
<property key="propertySet.[cw.dbg.ct].Connection Type" value="com.pemicro.mcu.debug.connections.pne.arm"/>
<property key="propertySet.[cw.dbg.ct.bareboard.ondemand].noIOModelConfig" value="false"/>
<property key="propertySet.[com.pemicro.mcu.debug.connections.pne.arm].com.pemicro.mcu.debug.connections.pne.arm.PEDEBUG_CURRENTDEVICE" value="MK60N512VMD100"/>
<property key="propertySet.[cw.dbg.ct.bareboard.ondemand].useInitFile" value="true"/>
<property key="propertySet.[cw.dbg.ct.bareboard.ondemand].enableHSSTIOModelConfig" value="false"/>
<property key="propertySet.[cw.dbg.ct.bareboard.ondemand].useNetworkMACAddress" value="false"/>
<property key="propertySet.[cw.dbg.ct.bareboard.ondemand].enableNetworkIOModelConfig" value="false"/>
<property key="propertySet.[cw.dbg.ct.bareboard].enableStopTransferIOModelConfig" value="true"/>
<property key="propertySet.[cw.dbg.ct.bareboard.ondemand].useMemoryConfigFile" value="true"/>
<property key="host.defaultEncoding" value=""/>
<property key="propertySet.[cw.dbg.ct.bareboard.ondemand].networkUDPPort" value="1234"/>
<property key="propertySet.[cw.ide.settingscache].hidden.TimeStamp" value="1318323535606"/>
<property key="propertySet.[cw.dbg.ct.bareboard.ondemand].executeReset" value="true"/>
<property key="propertySet.[cw.dbg.ct.bareboard.ondemand].useNetworkUDPPort" value="false"/>
<property key="host.description" value="Generated from pre-RSE Launch Configuration"/>
<property key="propertySet.[cw.dbg.ct.bareboard].ethernetController" value="UEC1"/>
<property key="propertySet.[cw.dbg.ct.bareboard].initPath" value="${ProjDirPath}/Project_Settings/Debugger/init_kinetis.tcl"/>
<property key="propertySet.[cw.dbg.ct.targetConnLost].RetryWithTimeoutOn" value="false"/>
<property key="propertySet.[cw.dbg.ct.bareboard.ondemand].enableSerialIOModelConfig" value="false"/>
<property key="propertySet.[cw.dbg.ct.targetConnLost].TerminateConnectionOn" value="false"/>
<property key="propertySet.[cw.dbg.ct.bareboard].networkTargetAddress" value="127.0.0.1"/>
<property key="propertySet.[OptionalPropertySet].enableGenericHostPropertyPage" value="false"/>
<property key="propertySet.[cw.dbg.ct.bareboard.ondemand].networkDebuggerAddress" value="127.0.0.1"/>
<property key="propertySet.[cw.dbg.ct.bareboard].enableHSSTIOModelConfig" value="false"/>
<property key="propertySet.[cw.dbg.ct.bareboard].noIOModelConfig" value="false"/>
<property key="propertySet.[cw.dbg.ct.bareboard.ondemand].ethernetController" value="UEC1"/>
<property key="propertySet.[cw.dbg.ct.bareboard].networkGateway" value="127.0.0.1"/>
<property key="host.name" value="Dualzaehler_MK60N512VMD100_INTERNAL_RAM_PnE OSJTAG"/>
<property key="propertySet.[cw.dbg.ct.bareboard.ondemand].memConfigPath" value="${ProjDirPath}/Project_Settings/Debugger/MK60N512VMD100.mem"/>
<property key="propertySet.[cw.dbg.ct.bareboard].enableNetworkIOModelConfig" value="false"/>
<property key="propertySet.[cw.dbg.ct.bareboard].runOutOfReset" value="false"/>
</properties>
</host>
</APSC_Memento>